viaje	coordenadas	completado
visitar guatape y subir la pieda del peñol	6.223771284572404, -75.17798973744503	TRUE
visitar el parque nacional natural tayrona	11.304213222358658, -74.06457681343785	FALSE
visitar caño cristales	2.2640948966758976, -73.79229152087528	FALSE
excursion en la catedral de sal de zipaquira	5.018646551134516, -74.00987418486642	FALSE
ver la estrellas en el desierto de la tatacoa	3.2316851099409765, -75.16862248622205	TRUE
visitar los cerros de mavecure	3.8663238232827566, -67.91537952460476	FALSE
visitar el parque nacional natural los nevados	4.789620750790723, -75.37639678699573	TRUE
visitar el santuario de las lajas	0.8153783078976597, -77.61318965935983	TRUE
visitar el parque del cafe	4.479804009433289, -75.74832666839045	TRUE
treking a la ciudad perdida	5.119472672740428, -74.95333134681209	FALSE
caminar la ciudad amurallada en cartagena	10.42305339903813, -75.55024621891299	FALSE
visitar las islas del rosario	10.178996896986224, -75.74324031893289	FALSE
visitar el archipielago de san bernardo y sus islas	9.692605343947172, -75.70561716948086	FALSE
subir el cerro de monserrate	4.605158822133132, -74.05526802433948	TRUE
bañarse en la cascada del fin del mundo en putumayo	1.0950775085176816, -76.63041843749158	FALSE
snorkeling en san andres y providencia	12.58691104582714, -81.70369393405156	FALSE
visitar las dunas de taroa en punta gallina	12.457189303907942, -71.66796982560719	FALSE
visitar laguna de guatavita	4.93427265065305, -73.83372304178577	FALSE
visitar el museo del oro	4.602015643689692, -74.0719841674317	TRUE
visitar el cañon del chicamocha	6.7804070196893305, -73.05495830496574	TRUE
hacer body rafting en el rio la miel en norcasia	5.587900988876936, -74.83776679383698	TRUE
visitar la quinta de san pedro alejandrino	11.228238119241833, -74.1773694738636	FALSE
visitar el salto de tequendama	4.574308430895652, -74.29361823389974	TRUE
visitar la laguna de tota	5.529340776108213, -72.93879721159782	TRUE
visitar el parque arqueologico de san agustin	1.8856320179787103, -76.29425492913605	FALSE
visitar el parque nacional natura sierra de chiribiquete	1.3733738817881915, -72.96083330990584	FALSE
dormir en un glamping	4.968919401447224, -75.34311390015773	FALSE
hacer un tour cafetero	4.662397886139301, -75.77684625224697	TRUE
ser parte de un voluntariado en una comunidad indigena	5.60879928901456, -75.61883792155979	FALSE
visitar trigana capurgana y sapzurro	8.637567811964498, -77.34636356365286	FALSE
visitar la montaña la mano del gigante en huila	2.417649492708196, -75.48923334280363	FALSE
ver ballenas en el pacifico	3.9335657846243244, -77.36552268525362	FALSE
hacer un retiro de yoga o meditacion	4.695555337777342, -75.71267761780773	FALSE
visitar salento y el valle del cocora	4.638219727089477, -75.48655283786417	TRUE
tener una experiencia en una ecoaldea	5.285588940828011, -75.47780560444468	FALSE
visita de la ciudad de popayan desde el morro de tulcan	2.4447048039829804, -76.61463103824185	FALSE
visitar barichara en santander	6.637106969156597, -73.22327973964411	TRUE
visitar el amazonas	-1.81061971958856, -70.86581120914813	FALSE
ir a la feria de las flores en medellin	6.234856855445047, -75.57735125557504	FALSE
ir al carnaval de negros y blancos en pasto	1.208518345253645, -77.28279362166742	TRUE
ir al carnavall de barranquilla	10.99271419452491, -74.80236729696024	FALSE
ir al carnaval del diablo en riosucio	5.420368963665584, -75.70394872102786	FALSE
recorrer en neumatico el rio palomino	11.253293805766004, -73.55381589895151	FALSE
visitar la plaza de bolivar	4.5980109345083795, -74.07589485482387	TRUE
visita el cañon del rio quejar en mesetas meta	3.429053940701456, -74.14272493446539	FALSE
visitar villa de leyva	5.635132657035277, -73.52680108116698	TRUE
hacer senderismo en el parque nacional el cocuy	6.408102016423104, -72.44472094383752	FALSE
visitar santa fe de antioquia	6.559261552550533, -75.82735213293736	FALSE
volar en parapente	5.79039316501772, -75.78497372975364	FALSE
excursion al parque natural chicaque	4.606146561560897, -74.3047978661583	FALSE
visitar el parque nacional natural el tuparro	5.268636637949799, -68.60850634481686	FALSE
subir al cerro tusa en antioquia	6.042312843976878, -75.75862598446102	FALSE
ver el parque natural los estoraques	8.219939816179352, -73.23698268734242	FALSE
conocer el parque nacional natural uramba bahia malaga	4.009179468518883, -77.24049384267133	FALSE
tomar un baño en la quebrada las gachas en guadalupe	6.229100501252379, -73.41859688529031	FALSE
excursion a buga y lago calima	3.89119275871391, -76.48712944978021	FALSE
recorrer el rio melcocho en cocorna	6.05811851580861, -75.1853828637561	FALSE
visitar las fincas silleteras en santa elena	6.232896635190198, -75.50097597608539	FALSE
bailar salsa en la feria de cali	3.4354502616640907, -76.53624110511433	FALSE
visitar san basilio de palenque	10.106511384465486, -75.20079911726502	FALSE
disfrutar los termales de santa rosa de cabal	4.842331824019477, -75.55276104771718	TRUE
hacer raftin en san gil	6.554775494173077, -73.13695178330558	TRUE
hacer paracaidismo	6.793513316476592, -72.88050949457462	FALSE
visitar las cascadas de hornoyuaco en putumayo	1.1189776360555947, -76.6181289739376	FALSE
ver un atardecer en los llanos orientales	5.280146166401393, -68.4908525520313	FALSE
visitar el viñedo viña sicilia en antioquia	6.631424301460049, -75.81400106987277	FALSE
ir a la casa en el aire en abejorral antioquia	5.851896914450401, -75.4682401132393	TRUE
visitar isla fuerte y disfruta de un atardecer en la playa de san diego	9.385926762780224, -76.18016701320032	FALSE
visitar santa cruz de mompox en bolivar	9.236199916556354, -74.42432158243307	FALSE
hacer el graffiti tour en la comuna 13 de medellin	6.254991561961863, -75.62238881006105	TRUE
excursion desde leticia hasta la frontera de brazil 	-4.207067358477194, -69.9423482654854	FALSE
visitar el museo de antioquia	6.25228404139723, -75.56900235443399	TRUE
hacer treking en el volcan galeras	1.2216863671595102, -77.35910447419158	FALSE
entrar en las minas de nemocon en cundinamarca	5.063842119875726, -73.87469585621196	FALSE
visitar el rio de colores en san jose del guaviare	2.5656624431897592, -72.63900072348	FALSE
ir a la casa en el agua en el archipielago de san bernardo	9.719128588329484, -75.78312117605832	FALSE
visitar el parque nacional natural gorgona	2.9622472319872832, -78.18641857426886	FALSE
visitar la cascada de los caballeros en santander	6.175822221143476, -73.44648058677866	FALSE
montar en barco de carga y llegar a bahia solano choco	6.222551084494228, -77.40209816601646	FALSE
conocer el pilon de azucar en el cabo de la vela	12.207149505462594, -72.17560181057294	FALSE
ver un atardecer desde el faro en el cabo de la vela	12.206407760011448, -72.17130168119331	FALSE
practicar kitesurf en el cabo de la vela	12.206475223407352, -72.17341726063597	FALSE
visitar aviario nacional en baru	10.208741470550992, -75.60642344944543	FALSE
escalar en la mesa de los santos en santander	6.942487781573755, -73.03576421334185	FALSE
visitar la reserva natural san cipriano en el valle del cauca	3.8401481778882185, -76.89812584364522	FALSE
navegar el rio magdalena	6.207209221643043, -74.58278032173426	FALSE
hacer un safari en los llanos orientales	4.734184423761572, -70.2908920552427	FALSE
disfrutar de un festival de joropo en villavicencio	4.118244593621077, -73.63103481597582	FALSE
conocer almenos 10 departamentos y sus capitales	4.661812324004326, -74.11531833143448	FALSE
recorrer todos los pueblos patrimonio	5.6139363379462415, -75.45545530241438	FALSE
Aguadas, Caldas	5.6139363379462415, -75.45545530241438	TRUE
Barichara, Santander	6.63608389492924, -73.22291496832001	TRUE
Ciénaga, Magdalena	11.00930776557974, -74.24435666832952	FALSE
El Jardín, Antioquia	5.600653546106222, -75.82172130962064	FALSE
Guadalajara de Buga, Valle del Cauca	3.893190300034954, -76.29827455597855	TRUE
Jericó, Antioquia	5.791835900714222, -75.78632346466178	FALSE
Monguí, Boyacá	5.721988867792642, -72.84983998156308	FALSE
Honda, Tolima	5.207312619486449, -74.73796801445309	FALSE
Playa de Belén, Norte de Santander	8.213575328159363, -73.23825672614065	FALSE
Salamina, Caldas	5.40250393505855, -75.48727772076523	TRUE
San Juan Girón, Santander	7.078011375211386, -73.16673515904505	TRUE
Villa de Guaduas, Cundinamarca	5.065055964464231, -74.59858415703349	FALSE
Santa Cruz de Lorica, Córdoba	9.232736740803475, -75.81799624287342	FALSE
Santa Cruz de Mompox, Bolívar	9.23902442478571, -74.42629861688312	FALSE
Santa Fe de Antioquia, Antioquia	6.561020428030317, -75.81802718175729	FALSE
Villa de Leyva, Boyacá	5.638079549701124, -73.52946181016752	TRUE
El Socorro, Santander	6.464321126193416, -73.26251694962917	TRUE
participar del petronio en cali	3.4158569728897272, -76.52813909431461	FALSE
visitar san juan de giron en santander	7.078011375211386, -73.16673515904505	TRUE
visitar las salinas de galerazamba en bolivar	10.793237692741446, -75.25333337389726	FALSE
participa en una liberacion de tortugas en el pacifico	6.070147238470336, -77.39620521598127	FALSE
hacer una toma de yage con un taita	5.447740692058088, -75.32524579156164	FALSE
pasear en yate en cholon cartagena	10.422173884230991, -75.55240084119069	FALSE
probar un plato tipico de cada departamento	10.1998298517643, -75.49069021143553	FALSE
visitar el parque nacional natural utria en el choco	6.021100795764362, -77.23333780821444	FALSE
visitar santa cruz del islote	9.786254521876273, -75.85925281637041	FALSE
conocer el complejo del paramo santurban	7.257920231040994, -72.87797580688023	FALSE